{"count":1,"self":480.78376959999997,"total":506.7587142,"children":{"InitializeActuators":{"count":1,"self":0.0009973,"total":0.0009973,"children":null},"InitializeSensors":{"count":1,"self":0.0039894,"total":0.0039894,"children":null},"AgentSendState":{"count":4167,"self":2.9928543999999997,"total":11.0979002,"children":{"CollectObservations":{"count":1389,"self":0.0029151999999999997,"total":0.0029151999999999997,"children":null},"WriteActionMask":{"count":1389,"self":0.0010027999999999999,"total":0.0010027999999999999,"children":null},"RequestDecision":{"count":1389,"self":0.0158546,"total":8.1011277,"children":{"AgentInfo.ToProto":{"count":1389,"self":0.0049946,"total":8.0852731,"children":{"GenerateSensorData":{"count":1389,"self":7.1524655999999993,"total":8.0802785,"children":{"CameraSensor.WriteToTensor":{"count":1389,"self":0.9278133,"total":0.9278133,"children":null}}}}}}}}},"DecideAction":{"count":4167,"self":14.5145024,"total":14.5145023,"children":null},"AgentAct":{"count":4167,"self":0.0951037,"total":0.20995919999999998,"children":{"AgentInfo.ToProto":{"count":20,"self":0.00099739999999999985,"total":0.1148555,"children":{"GenerateSensorData":{"count":20,"self":0.098996,"total":0.11385809999999999,"children":{"CameraSensor.WriteToTensor":{"count":20,"self":0.0148621,"total":0.0148621,"children":null}}}}}}},"AgentInfo.ToProto":{"count":25,"self":0,"total":0.14760589999999998,"children":{"GenerateSensorData":{"count":25,"self":0.125642,"total":0.14760589999999998,"children":{"CameraSensor.WriteToTensor":{"count":25,"self":0.021963899999999998,"total":0.021963899999999998,"children":null}}}}}},"gauges":{"CarCatch.CumulativeReward":{"count":45,"max":19.1493244,"min":-11.3477058,"runningAverage":-3.68088078,"value":-3.04273272,"weightedAverage":-4.57284975}},"metadata":{"timer_format_version":"0.1.0","start_time_seconds":"1773032249","unity_version":"6000.3.10f1","command_line_arguments":"C:\\Program Files\\Unity\\Hub\\Editor\\6000.3.10f1\\Editor\\Unity.exe -projectpath D:\\projects\\rl-ball-fetch\\ball_fetch -acceptSoftwareTermsForThisRunOnly -useHub -hubIPC -cloudEnvironment production","communication_protocol_version":"1.5.0","com.unity.ml-agents_version":"4.0.2","scene_name":"CatchCarScene","end_time_seconds":"1773032756"}}